attempts,unknown_device,unusual_time,verification_failures,location_change,request_rate,label
4,1,0,0,0,0.9470822304218232,0
3,0,0,2,0,1.9428287191077893,0
4,0,0,0,0,1.2621410049277337,0
5,0,0,2,0,0.1886647601058693,0
4,0,0,2,0,0.8266777834076091,0
4,0,0,2,0,0.9559485787421316,0
2,0,1,1,0,0.13033587921840697,0
2,0,0,2,0,1.6830703322987122,0
3,0,0,1,0,0.4950891594495588,0
4,0,1,1,0,0.8507854484034474,0
4,0,0,1,0,0.18593184893002235,0
5,0,0,0,0,1.9339850838018622,0
4,0,0,2,0,0.12970917280826846,0
1,0,0,2,0,1.4430289533104725,0
3,0,0,1,0,0.3201512130977464,0
1,0,0,2,0,0.7178483118508193,0
3,0,0,2,0,0.32722906728277323,0
3,0,0,2,0,0.17682382012301956,0
2,0,0,2,0,1.0032034240460124,0
5,0,0,2,0,1.125698073473179,0
5,0,0,2,0,1.7728888941289898,0
2,0,0,1,0,0.5150368307119838,0
4,0,0,1,0,0.7769658923462522,0
1,0,0,0,0,1.7353881081870526,0
3,0,0,2,0,0.5638384922707709,0
3,0,0,0,0,0.22329526950706496,0
2,1,0,1,0,0.38136516691145983,0
1,0,1,1,0,0.7556353712506976,0
1,0,0,1,1,0.5599050158718508,0
4,0,0,0,0,0.798787952166581,0
4,1,0,2,0,1.6870747416195522,0
4,0,0,2,0,1.3873722875003367,0
3,0,0,2,0,1.4127817023946854,0
2,0,0,0,0,1.8569178747292694,0
2,0,0,1,1,1.081608193414927,0
1,0,0,0,0,1.3028927688192091,0
1,0,0,2,0,0.8685654415321611,0
1,0,0,1,0,1.203304580729264,0
1,0,0,1,0,1.4146008756161172,0
5,0,0,0,0,0.4397631475205247,0
3,0,0,2,0,0.6038844985952783,0
5,0,0,2,0,1.055010476899865,0
4,0,0,0,0,1.186807978497448,0
1,0,1,1,0,1.8382423414188522,0
3,0,1,0,0,1.9366441561829721,0
3,1,0,0,0,1.7171596758820282,0
3,0,0,2,0,1.8670319861405806,0
2,0,1,1,0,0.6610521179959835,0
2,0,0,2,0,1.1503579561250248,0
2,0,0,0,0,0.2550289427604567,0
1,0,0,1,0,1.7910101494533759,0
4,0,0,2,0,0.9846362344516743,0
5,0,0,0,0,1.6629410652533507,0
3,0,0,0,0,1.9339784777424627,0
4,0,0,1,0,1.3111168128465924,0
4,0,1,1,0,1.610853770060537,0
3,0,0,0,0,0.25365863657267557,0
1,0,0,1,0,0.5754615065127311,0
1,0,0,0,0,1.1532726997716614,0
5,0,0,2,0,0.12734762839653616,0
4,0,0,1,0,0.43312751278974315,0
2,0,0,0,0,1.3345699970212503,0
2,0,0,1,0,0.12907862655173102,0
3,0,0,0,0,1.2701172123408364,0
2,0,0,2,0,1.3866198505276652,0
3,0,0,2,0,1.2892853731929883,0
1,1,0,0,0,0.29147820261711066,0
2,0,0,2,0,0.7060536975581464,0
2,0,0,2,0,0.32451317248114686,0
5,0,0,0,0,0.6358656878854823,0
2,0,0,2,1,0.8839735861317103,0
2,0,0,2,0,1.7309842285017225,0
1,0,0,2,0,1.8148505226911766,0
4,0,0,2,0,0.20162206382000092,0
5,0,0,2,0,1.3858628184061763,0
4,0,0,0,0,1.244637759212126,0
4,0,0,2,0,0.3155827438331512,0
5,0,0,2,0,1.5003675579029168,0
5,0,0,0,0,1.274614320300896,0
5,0,0,1,0,1.7946041266758757,0
2,0,0,2,0,1.7399631917791074,0
4,0,0,0,0,0.8148932125087399,0
3,0,0,2,0,0.7274798051362872,0
3,0,0,1,0,0.3257540409093367,0
5,0,0,2,0,1.9281278421016297,0
4,0,0,1,0,1.6240075731507948,0
5,1,0,0,0,1.8568223274248323,0
4,0,0,0,0,1.2958574124569988,0
1,0,0,2,0,0.6338300602252376,0
4,0,0,1,0,0.981026969385966,0
2,0,0,0,0,1.9738004145112455,0
1,0,0,0,0,0.4089721847552935,0
3,0,0,0,0,0.8946617689521758,0
2,0,0,0,0,1.012703155546074,0
1,0,0,0,0,1.7000259539578466,0
5,0,0,2,0,0.2071134436367615,0
4,0,1,1,0,1.2117841114183967,0
5,0,0,0,0,0.48958612416239733,0
1,1,0,1,0,1.5382983511272346,0
2,0,0,1,0,1.004800323899127,0
3,0,0,1,0,0.2679756243947285,0
3,0,0,2,0,1.5908697014941882,0
2,0,0,1,0,1.220843605023803,0
3,0,0,0,0,1.588940724208172,0
4,0,0,0,0,0.3794396137651721,0
1,0,0,0,1,1.0359743785864521,0
5,0,0,2,0,0.3448714716302335,0
3,0,0,0,0,1.0005271164994574,0
5,1,0,2,0,0.42097661983711265,0
4,0,0,1,0,0.9754796592621789,0
2,0,0,1,0,0.17469306569808798,0
1,0,0,1,0,0.8168433339599378,0
1,0,0,0,0,1.9738882921469487,0
2,0,0,1,0,0.169698085492136,0
3,0,0,1,0,0.15789709019382892,0
2,0,0,2,0,1.5010698915782563,0
4,0,0,2,0,1.1171375716294947,0
1,0,0,1,0,1.0470401779652088,0
4,0,0,0,0,0.8196679893074497,0
5,0,0,1,0,1.0466706259129863,0
5,0,0,0,0,0.5673196839305654,0
4,0,0,1,0,1.8038543067902078,0
3,0,0,2,0,1.194396993830754,0
3,0,0,0,0,1.4735025835813738,0
1,0,0,1,0,1.5620365730646801,0
2,0,0,0,0,1.1066960440441218,0
1,0,0,0,0,1.8708272502881749,0
5,0,0,1,0,1.1423459240824911,0
2,1,0,1,0,0.3637670695398387,0
1,0,0,1,0,0.762849706431691,0
1,0,0,1,0,1.4886482028869241,0
1,0,0,0,0,1.1914989150418327,0
5,0,0,1,0,1.6677520857163148,0
5,0,0,1,0,0.7007735063633397,0
2,0,0,2,0,1.809368146055129,0
5,0,0,2,0,0.7751886584549521,0
2,0,0,2,0,0.9199034719592409,0
3,0,0,2,0,1.0413048901675348,0
3,0,0,0,0,1.579286684196427,0
1,0,0,1,0,1.5338070545342215,0
5,0,0,2,0,0.3848431119626702,0
4,0,0,2,0,1.1744658599136504,0
2,0,0,2,0,0.7507960886392324,0
2,0,0,0,0,0.29150974573018434,0
1,0,0,0,0,1.4437534051954575,0
2,0,0,0,0,1.4992440476869735,0
1,0,0,1,0,0.41448896969785054,0
4,0,0,2,0,0.532051679666514,0
5,0,0,1,0,0.10880084370874543,0
1,0,0,1,0,0.7580573892953263,0
2,0,0,2,0,1.8342239794703448,0
1,0,0,0,0,1.2031178655282826,0
2,0,0,2,0,0.9720790772323247,0
4,0,0,0,0,0.6692322323563064,0
5,0,0,2,0,0.9896404740386207,0
1,0,0,2,0,1.5735024717205202,0
2,0,0,1,0,1.5541769340258573,0
4,0,0,2,0,0.6173735239685689,0
3,0,0,2,0,1.695598832967484,0
5,0,0,2,0,1.376596212837584,0
5,0,0,0,0,1.340217604918562,0
2,0,1,1,0,0.8546487062750641,0
5,0,0,2,0,0.12470365467039847,0
1,0,0,0,0,1.3215585708670812,0
2,0,0,2,0,0.8214155755178071,0
4,0,0,1,0,1.736029237951971,0
3,0,0,0,0,1.0261192766740759,0
1,0,0,0,0,1.30360861766968,0
1,0,0,1,0,0.4261906431117767,0
5,0,0,0,0,1.0463724316709109,0
2,0,0,1,0,0.3024995872444813,0
5,0,0,2,0,1.2409820348239415,0
1,0,0,0,0,0.8279632036740451,0
2,0,0,1,0,0.2573174690577403,0
4,0,0,2,0,0.7757781612834033,0
1,0,0,1,0,1.3609752141890314,0
5,0,0,2,0,1.2306480683304841,0
3,0,1,2,0,1.5647331871170618,0
5,0,0,0,0,1.4079645532126985,0
2,0,0,1,0,1.4199232946234108,0
2,0,0,2,0,0.35995539874602667,0
2,0,0,1,0,1.5409455864967947,0
5,0,0,1,1,1.8163912440084473,0
4,0,1,0,0,0.18391433164919035,0
1,0,0,1,0,0.32899289969428247,0
1,0,0,2,0,1.0010070116491812,0
4,0,0,1,0,1.3353179658421335,0
3,0,0,2,0,0.7457624311593256,0
4,0,0,0,0,1.5019259571223975,0
1,0,0,1,0,0.9776914160936163,0
2,0,0,0,0,1.8719208279079804,0
3,1,0,1,0,0.17143386909189567,0
4,0,0,2,0,0.27422873671171727,0
4,0,0,2,0,0.6643054652642761,0
2,0,0,0,0,1.8296442939093152,0
1,0,0,2,0,1.594055527389549,0
3,0,1,2,0,0.9880628713747525,0
5,1,0,2,0,1.6918688970381663,0
5,0,0,2,0,0.5189237972333332,0
1,1,0,0,0,1.9412949972675415,0
1,0,0,0,0,0.8528598359150515,0
2,0,1,2,0,0.5264370864896553,0
5,0,0,1,0,0.9691209857700438,0
3,0,0,2,0,1.7380424728043562,0
1,0,0,2,0,0.8760611048343275,0
3,0,0,1,0,0.3079908341034624,0
4,0,0,0,0,1.2255747908530834,0
2,0,0,2,0,1.4944288460120334,0
3,0,0,2,0,1.445889655758566,0
3,0,0,2,0,0.45952092559151114,0
5,0,0,2,0,0.10977582443395806,0
3,0,0,1,0,1.6810549381197097,0
5,0,0,0,0,1.9642537382521046,0
1,0,0,0,0,0.303263213771221,0
2,0,0,2,0,0.29476848318229054,0
4,0,0,2,0,1.5648701558110576,0
1,0,0,1,0,1.7195878524774306,0
5,0,0,0,0,0.2246896746906246,0
1,0,0,2,0,0.10195601170670346,0
2,0,1,0,0,1.7229985714769753,0
5,0,0,1,0,0.5371019977597244,0
3,0,1,0,0,0.8974819021596323,0
3,1,0,0,1,0.8777346119985817,0
4,0,0,2,0,1.3381669682141817,0
4,0,0,2,0,0.45249847983593017,0
1,0,0,2,0,1.545945582791698,0
3,0,0,1,0,1.613420852854735,0
1,0,0,1,0,0.917581200308979,0
1,0,0,0,0,1.6153622912106576,0
3,1,0,0,0,0.845737757172701,0
3,0,0,1,0,1.4761420854401825,0
3,0,0,0,0,0.134898510187026,0
4,0,0,1,0,1.0836521224309517,0
1,0,0,0,0,0.8541542247830325,0
2,1,0,1,0,0.48028546406513917,0
4,0,0,2,0,1.2300756110161786,0
1,0,0,1,0,1.8999658789989735,0
4,0,0,2,0,1.3555582247685762,0
4,0,0,2,0,1.1001650557786151,0
2,0,0,2,0,1.010629964294946,0
3,0,1,0,0,1.6004271635707104,0
3,0,0,2,0,1.9930344405078098,0
1,0,0,2,0,0.2371769770604341,0
1,0,0,0,0,1.511142390279964,0
4,0,0,1,1,0.1762074636837167,0
1,0,0,1,0,1.0246709887069354,0
2,0,0,2,0,1.2254656243273883,0
5,0,0,0,0,0.3499786017417936,0
4,0,0,1,0,0.44385621014803056,0
5,0,0,1,0,0.9460799845050644,0
1,0,0,0,0,1.9418834124370463,0
2,0,0,0,0,0.34865995536486466,0
5,0,0,1,0,0.42254001966632737,0
2,0,0,0,0,0.5725571179164968,0
3,0,0,1,0,0.16967571117373165,0
5,0,0,0,0,1.6307732906051011,0
4,0,0,2,0,0.6125242618822803,0
2,0,0,1,0,0.3320088366190509,0
5,0,0,0,0,1.4075949451465313,0
4,1,1,2,0,0.7139482484335292,0
5,0,0,2,0,0.7510416274297391,0
4,0,0,1,0,1.3795216233173428,0
2,0,0,0,0,1.7494702833172602,0
2,0,1,2,0,1.044632051616012,0
1,0,0,0,0,1.8688025214632578,0
4,0,0,1,0,1.3373426563788349,0
2,0,0,1,0,1.7462334683025262,0
1,0,0,0,0,0.3073083003549245,0
2,0,0,1,0,1.8126137342180442,0
5,0,0,2,0,0.6640516216645335,0
1,0,0,1,0,1.421387692710738,0
4,0,0,0,0,0.12786740838790123,0
3,0,0,1,0,1.050846087348409,0
5,0,0,1,0,1.6461559478072143,0
1,0,0,0,0,1.0057214025782024,0
3,0,0,1,0,1.0903448517221352,0
5,0,0,2,0,1.9138540570632843,0
4,0,0,0,0,0.46966081405207183,0
5,0,0,1,0,1.6257492058820606,0
3,0,0,1,0,0.6179856013937141,0
4,0,0,2,0,0.44473286062169115,0
5,0,0,0,0,0.5874692890325911,0
4,0,0,1,0,0.1824838124241564,0
2,0,0,1,0,1.7799922803619748,0
1,0,0,1,0,1.8211930990967446,0
1,0,0,1,0,1.7172310956202645,0
2,0,0,1,0,1.2145560800334008,0
1,0,0,2,0,0.43904733393276707,0
5,0,0,2,0,0.8427213922204778,0
5,0,0,2,0,1.3840983656660144,0
2,0,0,0,0,0.748071046501019,0
3,0,0,2,0,0.6033013497497934,0
5,0,0,0,0,0.7744929810806809,0
4,0,0,0,0,1.3163196252735156,0
2,0,0,1,0,1.3720252148765613,0
4,0,0,1,0,0.7337821439971808,0
4,0,1,0,0,0.4817740084522073,0
2,0,0,0,0,1.9643491112541773,0
3,0,0,2,0,1.9857186541009129,0
4,0,0,1,0,1.5970137777553035,0
1,0,0,1,0,0.32353315409976136,0
2,0,0,1,0,1.1522242573535149,0
3,0,0,1,0,1.0797909126233458,0
3,0,0,0,0,1.0521906984458185,0
1,0,0,2,0,1.1117142658629098,0
3,0,0,0,0,0.14349826745462846,0
3,0,0,1,0,1.6627130709052858,0
1,0,0,2,0,1.2518805817268572,0
5,0,1,1,0,0.7983154023539096,0
5,0,0,0,0,1.935062106191118,0
4,0,0,1,0,1.717752411347404,0
5,0,0,2,0,0.2165642915102695,0
3,0,0,1,1,0.20978306589309662,0
1,0,0,0,0,0.6762227803784315,0
3,0,0,0,0,1.9937240223206558,0
1,0,0,0,0,1.101378781432138,0
2,0,0,1,0,0.7730488568450715,0
3,0,0,0,0,1.931262323416467,0
2,0,0,1,0,1.5445506639320565,0
2,0,0,0,0,0.5582827694391288,0
5,0,0,0,0,1.1411230290500167,0
5,0,0,1,0,1.7428547450667935,0
4,0,0,0,0,0.9729488599713746,0
5,1,0,0,0,1.8913791686851973,0
2,0,0,1,0,0.5808110223214906,0
5,0,0,2,0,0.5312329192941919,0
1,0,0,2,0,1.9777230149002496,0
5,0,0,2,0,0.2369602383974794,0
3,0,1,0,0,0.9776991796748159,0
4,0,0,2,0,0.7741985844880916,0
2,0,0,1,0,0.25612616820521195,0
4,0,0,0,0,1.367965756288214,0
3,0,0,1,0,1.923670384344265,0
2,0,0,2,0,1.2435750203090121,0
5,0,0,1,0,0.7427082613895469,0
2,0,0,2,0,0.8384403173967093,0
2,0,0,0,0,1.0424908934917845,0
1,0,0,1,0,1.7083772435115283,0
1,0,0,1,0,1.699797250491117,0
4,0,0,1,1,1.881037326344526,0
5,0,0,0,0,1.6537921267281956,0
3,0,0,1,0,1.2216606118716686,0
3,0,0,0,0,1.1966282882463453,0
1,0,0,1,0,1.6423292120448487,0
4,0,1,2,0,1.620134840528403,0
3,0,0,1,0,0.4572469957692906,0
1,0,0,1,0,1.6959315625361469,0
4,0,0,1,0,1.3889197634247694,0
3,0,0,2,1,0.7997881079630118,0
5,0,0,1,0,0.8438988265378757,0
5,0,0,1,0,0.775436719838579,0
1,0,0,2,0,1.3204184992199322,0
5,0,0,1,0,1.2388010347595744,0
3,0,0,0,0,0.3830994986835625,0
5,0,1,0,0,1.0828112072390579,0
5,0,0,2,0,0.8057018035587868,0
1,0,0,2,0,0.6689426699345846,0
1,0,0,2,0,0.8788192904229476,0
4,0,0,0,0,0.7882473391393479,0
2,0,0,1,0,0.6188345389483435,0
1,0,0,2,0,0.9163479442039766,0
3,0,0,0,0,1.8809712590101424,0
4,0,0,2,0,1.8278413648159528,0
1,0,0,1,0,0.3571727563276025,0
4,0,1,1,0,0.18473032590862692,0
4,0,0,1,0,0.6167044796443989,0
2,0,0,0,0,0.163865840348237,0
4,0,0,0,0,0.8810816449413423,0
2,0,0,2,0,0.8475509084708239,0
2,0,0,0,0,1.961146596725338,0
5,0,0,0,0,1.9468101262999205,0
4,0,0,1,0,0.8941808743539201,0
1,0,0,0,1,0.5320780421366199,0
4,0,0,1,0,1.2645103056377036,0
2,0,0,1,0,0.5105718610520843,0
2,0,0,0,0,0.6521163636320746,0
4,0,1,2,0,0.4825911860583513,0
5,0,0,1,0,0.13409678928013447,0
5,0,0,1,0,0.9573547539438774,0
2,0,0,1,0,0.9814696159434322,0
4,0,0,1,0,0.9582239565401971,0
3,0,0,2,0,0.4547742619687788,0
4,0,0,0,0,1.3210818495776049,0
2,0,0,1,0,1.7286405882976306,0
3,0,0,1,0,0.4838297699647309,0
5,0,0,0,0,1.269066247632624,0
3,0,0,1,0,1.9779903798829455,0
5,1,0,0,0,1.9944484984551571,0
2,0,0,2,0,0.27675792427405166,0
4,0,0,1,0,1.949569040954729,0
4,0,0,1,0,1.5432065792178005,0
1,0,0,0,0,1.0390036497755697,0
3,0,0,0,0,0.2656409888804792,0
1,0,0,0,0,0.46339479403771466,0
3,0,0,1,0,1.6317721739072026,0
3,0,0,1,0,1.404021673703585,0
4,0,0,0,0,0.6306245680633797,0
3,0,0,1,0,0.23016027259126118,0
1,0,0,1,0,0.5422499794924486,0
1,0,0,1,0,1.761030775862868,0
3,0,0,1,0,1.742670858093073,0
3,0,0,2,0,0.17984688282567007,0
2,1,0,0,0,1.8304633071234389,0
2,0,0,0,0,1.4806748849336142,0
3,0,0,2,0,0.3139027417826803,0
5,0,0,1,0,1.1776244818468327,0
4,0,0,2,0,1.4874676794712773,0
1,0,0,1,0,1.2271209832040302,0
1,1,0,0,0,0.6420516428789012,0
4,0,1,1,0,1.351767633266134,0
4,0,0,0,0,1.8282909569295256,0
4,0,0,0,0,1.4194558666483468,0
4,0,0,2,0,1.7957942509142075,0
5,0,0,1,0,1.435004168862481,0
4,0,0,1,0,1.9444557923020875,0
4,1,0,2,1,0.6110219970702949,0
1,0,0,1,0,0.3660457853513036,0
4,0,0,0,0,0.4725856542029465,0
3,0,0,0,0,0.11046101840479956,0
1,0,0,0,0,1.6249127912016446,0
1,0,0,1,0,0.8543285783506641,0
5,0,0,0,0,1.0640826835638368,0
1,0,0,1,1,0.34982932780616505,0
5,0,0,0,0,1.255019906772337,0
1,0,1,1,0,1.7394729555335835,0
5,0,0,1,0,1.3640549937583049,0
1,0,0,2,0,1.144208947772073,0
1,0,0,2,0,0.8840831195584535,0
5,0,0,2,0,1.054091858927775,0
3,0,0,2,0,0.3290609911670115,0
2,0,0,1,0,0.12224256038871772,0
4,0,0,0,0,1.829255809886055,0
1,0,0,0,0,0.8360459127704526,0
3,0,0,2,0,1.7373107403447612,0
4,0,0,2,0,1.841606948098294,0
3,0,0,0,0,0.8466510281560533,0
2,0,0,0,0,0.757167175401929,0
4,0,0,1,0,0.7471479165044541,0
3,0,0,1,0,1.1090621552819615,0
4,0,0,2,0,0.3670506383988855,0
5,0,1,2,0,0.8299927546730204,0
3,0,0,2,0,0.14436898302355322,0
3,0,0,1,0,0.3206640243809986,0
2,0,0,1,0,1.6707439835088262,0
1,0,0,1,0,0.8324726190001523,0
4,1,0,0,0,1.547613443949253,0
3,0,0,1,0,0.4697852897392567,0
1,0,0,0,0,1.1596467698750834,0
3,0,0,0,0,1.2898452107000213,0
3,0,0,2,0,1.2844713205029363,0
1,0,0,2,0,0.1749731124927087,0
1,0,0,2,0,1.8279637607807597,0
3,0,0,1,0,1.6019686091222816,0
4,0,0,0,0,1.8936799782682558,0
1,0,0,1,0,0.8131268250472434,0
3,0,0,2,0,1.8455959501521169,0
3,0,0,1,0,0.9425660891256178,0
4,0,0,2,0,1.722527737215302,0
1,0,0,2,0,0.5864903736994131,0
5,0,0,2,0,1.5489331499189332,0
5,0,0,1,0,0.6688516179061943,0
4,0,0,1,0,0.11684024171559092,0
3,0,1,2,0,0.1839076787378794,0
4,0,0,0,0,1.88047295407171,0
4,0,0,2,0,0.2683489565423902,0
1,0,0,1,0,0.6816609476712271,0
3,0,0,1,0,0.29178827995729084,0
2,0,0,1,0,1.0086937799709246,0
2,0,0,2,0,1.7404614570283035,0
3,0,0,1,0,0.1418511503252523,0
5,0,0,1,0,1.2466368824824194,0
5,0,0,2,0,1.0558595064816891,0
2,0,0,1,0,1.4565100017625205,0
4,0,0,1,0,0.37146432654488226,0
2,0,0,1,0,1.2961596240942994,0
3,0,0,0,0,1.0711453645507365,0
2,0,0,0,0,1.6947431354764044,0
1,0,0,0,0,1.670757853868935,0
3,0,0,1,0,0.924253097195406,0
1,0,0,2,0,1.4053366063561612,0
2,0,0,0,0,0.10829021233558728,0
5,0,0,0,0,0.3462412372713397,0
4,0,0,0,0,1.3052455054512881,0
5,0,0,2,0,0.9221853584374388,0
2,0,0,0,0,1.5583784941840446,0
2,0,0,1,0,1.3489716161232443,0
3,0,0,0,0,0.16828348235095136,0
1,0,0,1,0,1.9517244415371264,0
4,0,0,1,0,0.2621485393202172,0
3,0,0,1,0,1.133230882945851,0
5,0,0,1,0,0.13672249874344197,0
4,0,0,2,0,1.1087815889829784,0
4,0,0,1,0,1.387330308172011,0
4,0,0,0,0,1.954426264230506,0
3,0,0,2,0,0.3283937353290949,0
5,0,0,2,0,0.8063046603220275,0
3,0,0,2,0,1.1392301776056375,0
1,0,0,0,0,0.6755398847830659,0
3,0,0,1,0,1.5201443725337185,0
4,0,1,0,0,1.1084009750449881,0
98,1,1,35,1,10.124530238170411,1
85,0,1,17,1,11.905933124378826,1
91,1,1,38,1,11.497624481070822,1
63,1,1,38,1,6.555080654117569,1
19,1,1,40,1,18.241493098640497,1
29,1,1,12,1,28.216507175372072,1
76,1,1,20,1,19.02186158406544,1
20,1,1,40,0,29.874534233127324,1
64,1,1,13,0,20.913466168833857,1
62,1,1,19,1,15.924897141640521,1
33,1,1,25,1,9.75269124459319,1
43,1,1,23,1,23.93275517836097,1
27,1,1,43,0,21.015379588722183,1
53,1,1,29,1,20.076607654262915,1
51,0,1,35,0,20.859092221792178,1
56,1,1,15,1,11.345526953917371,1
41,0,1,20,0,27.534577416048375,1
68,1,1,8,0,24.0251980873848,1
81,1,1,42,0,16.109133731037858,1
92,1,1,36,1,13.96446153812183,1
82,1,1,33,1,7.545092073738422,1
24,1,1,12,0,9.380544302645683,1
55,1,1,18,1,15.687545783202793,1
90,1,1,14,1,28.661412828760138,1
54,1,1,30,1,17.438496303652556,1
22,1,1,46,0,20.901061719499207,1
82,1,1,8,1,25.271964525197962,1
54,0,1,36,1,21.366267171648865,1
81,1,1,30,1,14.7955990820875,1
67,1,0,13,0,29.326954074308322,1
21,1,0,27,0,5.036845552157786,1
61,1,1,43,1,26.210634477263117,1
72,1,1,32,1,11.785964440855004,1
71,1,1,43,1,23.856206492052017,1
99,1,0,23,0,18.612423977596627,1
88,0,1,16,1,20.710851185474972,1
31,1,1,32,0,19.002292436084886,1
79,1,0,24,1,25.68765799683053,1
29,1,1,8,0,8.128131428543673,1
71,1,1,36,0,10.334833699392238,1
98,1,1,19,1,15.883105536380905,1
78,1,1,22,1,14.680931779452399,1
82,1,0,42,0,22.592494490726274,1
28,1,0,31,1,25.42820355038963,1
63,1,1,12,1,26.566011778729475,1
27,1,1,26,1,8.29287571447734,1
88,1,1,30,1,25.410269624125768,1
71,1,1,10,1,29.54764245191348,1
65,0,1,40,1,12.190818226091956,1
89,1,1,13,1,23.31747626475701,1
92,1,1,40,1,15.819171989981566,1
33,1,0,37,1,28.611214567357585,1
27,1,1,30,0,15.458346602557004,1
68,1,1,31,1,15.80047318986265,1
71,0,1,17,0,29.266913635243604,1
83,1,1,25,1,15.568215922348307,1
63,1,1,17,1,23.504034219036576,1
16,1,1,29,0,19.8839915314651,1
43,1,0,48,0,19.976114678759537,1
98,0,1,41,1,14.331495361568972,1
41,1,1,13,1,11.777406344101644,1
16,1,1,33,1,20.306453769046115,1
73,1,1,29,1,14.338870026192048,1
42,1,1,14,1,16.25635615357226,1
15,1,1,49,1,10.36669659931342,1
52,0,0,42,1,7.107532865283759,1
39,1,1,36,1,15.959624500769033,1
33,1,1,48,0,22.85131808445317,1
54,1,1,39,1,5.737601378630148,1
83,0,1,18,1,23.31833686965413,1
72,1,1,37,1,25.96229584607562,1
52,1,1,20,1,14.93620392247729,1
79,1,1,15,0,14.277823460753195,1
87,1,1,46,1,14.211222997914472,1
68,1,0,28,1,26.843073004555627,1
74,1,1,44,1,15.48474029167429,1
77,1,1,20,1,17.565781065753264,1
75,1,0,35,0,24.11101820188761,1
92,0,1,45,0,9.011565356780661,1
19,1,1,14,1,25.662202254894062,1
97,0,1,11,1,16.082662737929383,1
37,1,1,31,1,12.694895792018642,1
46,1,1,49,1,11.787468854546697,1
94,1,0,16,0,25.721781906323965,1
53,1,1,49,1,13.619535501816175,1
94,1,1,29,1,16.479730843314044,1
27,1,1,30,1,23.515653722359264,1
99,1,1,25,1,18.534240253931717,1
44,0,0,49,1,8.037384777194134,1
50,0,1,18,0,6.44330398062793,1
33,1,1,31,1,18.9219610793024,1
61,1,1,10,1,22.553652404545737,1
79,1,1,20,1,20.78547303045941,1
62,1,1,36,1,29.510889256759295,1
31,1,1,10,0,17.69512659896948,1
67,1,1,32,1,15.202976420648078,1
43,1,1,23,0,23.0860915588728,1
70,1,1,23,0,8.184660400008482,1
85,1,0,9,1,17.108610657287716,1
25,0,1,47,0,12.022049129656093,1
80,0,1,19,0,23.577038490784503,1
93,0,1,25,1,25.095363629836168,1
93,1,1,49,1,10.502783147618828,1
68,1,1,11,1,23.068443805970116,1
44,1,1,16,0,25.11236606079556,1
75,0,0,43,1,19.5928396932841,1
59,1,1,24,0,10.181057494221957,1
58,1,0,16,1,14.768878808240927,1
72,1,1,10,1,24.357567073614877,1
76,1,1,20,1,14.655299820425768,1
73,1,1,9,1,27.695962847088353,1
58,1,1,33,1,14.569969110909696,1
37,1,1,45,1,20.91904292610818,1
81,1,1,39,0,22.366023972343196,1
27,1,1,17,1,25.37349321351348,1
18,1,1,31,0,22.47372071218464,1
90,1,1,44,1,5.841910096861601,1
35,1,1,13,1,10.026628801248627,1
43,1,1,25,1,11.225218402727247,1
68,1,1,34,1,13.165981235647774,1
45,1,1,10,1,11.037412131421696,1
29,1,1,42,0,14.010670678537153,1
68,1,1,42,0,5.428744547879953,1
38,1,1,39,0,17.79089294737693,1
72,1,1,28,1,14.764840189544554,1
82,1,1,9,1,14.730761792294713,1
34,1,1,18,1,13.547631952637257,1
83,1,1,28,1,21.237723242686183,1
56,1,1,18,1,25.820797546726894,1
41,1,1,30,1,20.791087877072293,1
55,1,1,17,1,23.694858743984312,1
85,1,0,19,0,19.49315392743062,1
95,1,0,27,1,5.6241555530014296,1
73,1,1,27,1,18.398376971302955,1
70,1,1,9,1,11.92531310814947,1
50,0,1,47,1,22.566005146455723,1
43,1,0,27,1,27.072870412968054,1
76,1,1,34,1,12.162988723178074,1
87,1,0,49,1,20.075988876332083,1
71,1,1,37,0,13.687677060629525,1
67,1,1,49,1,7.127587152994634,1
25,1,1,41,1,6.380563018575712,1
24,0,1,27,1,23.98231267296184,1
54,0,0,30,1,13.15634795102867,1
22,1,0,17,1,13.882993711847192,1
27,0,1,29,1,24.420083303497197,1
52,1,0,30,0,25.732855853143985,1
25,1,1,12,1,24.513900672180345,1
38,1,1,30,0,16.489601430340578,1
71,1,1,41,1,23.125151907477967,1
62,1,1,24,1,12.846887418061762,1
77,0,1,39,1,14.28668156560942,1
99,1,1,19,1,25.955760527045015,1
85,0,1,23,1,16.349747779992477,1
76,1,1,44,1,23.40599525334583,1
74,1,1,11,1,28.30806895572194,1
91,1,0,45,1,9.132557153449032,1
81,1,0,41,1,20.096274563506945,1
52,1,1,13,1,24.94330658370535,1
17,1,1,38,1,13.441232549980866,1
66,1,1,28,1,11.241723818505754,1
36,1,1,49,1,20.68322337726695,1
91,1,1,8,1,7.3444131564254125,1
72,1,1,30,1,10.188523405142586,1
73,1,0,35,1,8.862305100123145,1
16,1,1,37,1,24.236222352051175,1
96,1,0,28,0,21.165011098716548,1
97,1,1,17,1,8.08502038013991,1
66,1,1,16,1,9.01698961779613,1
89,1,1,22,1,24.334526194556243,1
71,1,1,19,1,25.036144405573843,1
76,0,1,38,1,10.923333122666216,1
99,1,1,13,1,12.951239313772968,1
78,1,0,42,1,12.3129106369063,1
35,1,1,26,1,19.932310508836732,1
20,1,1,9,1,19.990689211498037,1
82,1,1,43,1,5.257112398392301,1
46,1,1,26,1,13.499296594831204,1
70,1,1,25,1,18.525072473191564,1
90,1,1,11,0,9.122119414128461,1
30,1,1,21,1,27.830817010536407,1
81,1,1,49,1,21.187911621084076,1
24,1,1,10,1,6.3901380420115155,1
29,1,1,33,1,26.403312475343586,1
64,1,1,30,1,7.676429463854651,1
80,1,1,32,1,25.562366232255677,1
99,1,1,45,1,28.747491706151898,1
66,1,1,31,0,18.667392051803255,1
61,0,1,28,1,19.165131472636574,1
37,1,1,17,1,5.270277090879908,1
89,1,0,44,0,29.51420567651809,1
83,0,1,8,1,20.42360068461255,1
25,1,0,33,1,23.704020659692137,1
78,1,1,37,1,29.243090819949426,1
99,1,0,38,0,22.300281398666367,1
69,1,1,8,1,19.440793858610565,1
68,1,1,29,1,13.77047773337539,1
22,1,0,33,0,25.8647738148818,1
92,1,1,21,1,25.210143472342274,1
68,1,1,38,1,28.3138719604828,1
20,1,0,30,1,5.816476519612397,1
19,1,1,25,1,28.202545887744662,1
92,0,1,22,1,28.462053955353866,1
49,0,1,43,1,28.504579781302066,1
58,1,1,24,1,29.056536165228916,1
46,1,1,21,1,10.423906146596988,1
82,1,0,23,0,15.479571897553033,1
42,1,1,10,0,17.56068217915941,1
57,1,1,9,1,28.357602854187256,1
71,1,0,45,1,21.935951780707363,1
53,1,1,30,1,18.507413294757683,1
18,1,1,49,1,17.1005143127351,1
87,1,1,10,1,22.821149896523874,1
18,1,1,26,1,21.7773289271494,1
84,1,0,29,1,11.64821126580297,1
17,1,0,21,1,8.009689469727226,1
87,1,1,12,1,18.66146354320311,1
44,1,0,32,1,23.10581369029873,1
72,1,1,32,1,20.061236049164695,1
24,1,0,28,1,12.615058894354762,1
95,1,1,19,0,28.172908658277702,1
89,1,0,42,0,19.58130980781392,1
20,1,1,49,1,14.942110360826367,1
16,0,1,22,1,27.606082285189128,1
60,1,0,20,1,25.141220134083547,1
95,1,1,12,0,9.831235380854205,1
61,1,0,23,1,21.56990685524304,1
66,1,1,10,1,22.345138924185292,1
66,1,1,44,1,8.847497617344342,1
34,1,1,9,1,21.99243042083363,1
83,1,1,26,1,9.835883573912064,1
76,1,1,43,0,7.7784286833003105,1
52,1,1,27,1,25.60876118123374,1
96,0,1,18,1,21.781770630728314,1
58,0,1,49,1,7.932003695011126,1
45,1,1,38,1,16.692030312121926,1
80,1,1,9,1,19.1057954171134,1
30,1,0,38,1,25.581830317000755,1
99,1,0,19,0,27.24783440907156,1
79,1,1,14,1,26.639059579305087,1
33,0,1,18,1,13.10823443378795,1
41,1,1,23,0,5.0336567739140925,1
98,1,1,17,1,10.833320566233166,1
91,1,1,44,1,10.308349357172283,1
71,1,0,48,1,9.586310028755733,1
80,1,0,33,0,7.039968000120959,1
62,0,1,8,1,23.10636318747833,1
41,1,1,9,0,27.259608021381652,1
42,1,0,28,0,7.246921293404016,1
32,0,1,19,0,26.289857982605476,1
59,1,1,23,1,20.137031263148636,1
47,1,1,45,1,5.0278023549046855,1
30,1,1,47,0,16.05916332756047,1
92,1,1,30,1,13.56827313569768,1
46,1,1,41,1,27.35662795641035,1
92,0,0,38,1,18.858917030409227,1
68,0,1,20,1,19.14362376533223,1
87,1,1,38,1,20.178382022089423,1
86,0,1,30,0,25.74307165804061,1
68,1,1,33,0,27.282955159007468,1
81,1,1,8,1,21.812681566841228,1
84,1,1,40,1,8.208146554719113,1
90,1,1,46,1,17.49897479911971,1
59,1,1,29,1,17.301362234560017,1
57,1,0,49,1,12.056561760323321,1
37,1,1,27,1,25.81042958525632,1
65,1,1,21,0,12.39162598179048,1
25,0,1,13,1,12.694272632328728,1
56,1,1,15,1,23.25554294393123,1
21,1,1,32,1,24.261180526849746,1
26,1,1,31,1,29.379499399387708,1
68,1,1,18,1,21.902625645358796,1
25,1,1,30,1,19.493279153354802,1
71,1,0,26,0,9.15131303703841,1
49,1,1,23,0,28.526206500959425,1
59,0,1,45,1,21.492256823261858,1
78,1,1,30,1,23.262311937057486,1
95,1,0,17,1,18.131460469539583,1
64,1,1,8,0,21.890532739956083,1
18,1,1,33,0,6.049101836090857,1
64,1,1,31,1,18.506972329685524,1
57,1,1,25,0,26.96923124482286,1
61,1,1,44,0,28.489214725629143,1
62,1,1,37,1,24.78524376267439,1
26,1,1,14,1,13.077492541658431,1
20,1,0,29,1,15.566400844723958,1
44,1,1,44,1,20.44828899615745,1
53,1,0,36,1,8.304491443846793,1
29,1,0,25,1,27.560081902766868,1
52,1,1,38,1,25.658520273754668,1
96,1,1,31,1,25.648307713750405,1
20,1,1,28,1,28.94864649815344,1
28,1,1,16,0,25.490238826644998,1
83,1,1,39,1,18.574953315131733,1
29,1,0,10,0,10.057348728955091,1
93,1,1,45,1,17.08235712415813,1
22,1,0,11,0,5.645234821579543,1
22,1,1,16,1,28.994775510121254,1
85,0,0,48,1,18.122499668145956,1
58,0,1,15,1,6.9296882556616985,1
26,1,1,21,0,13.953492913228612,1
57,1,1,32,0,14.553486870814233,1
92,1,1,35,1,15.269720249990295,1
23,1,0,40,0,29.713499676142668,1
81,1,1,31,1,14.82867823735038,1
27,1,0,25,1,21.938645129594395,1
59,1,1,20,1,13.74844633926785,1
89,1,1,33,1,25.76556901079478,1
58,1,1,29,0,24.978949277619552,1
96,1,1,40,1,25.104139124597104,1
63,1,1,42,1,21.894032322380596,1
68,0,1,42,1,8.325244972683219,1
69,1,1,47,0,15.227128715871906,1
20,1,1,30,1,28.466620332334305,1
32,1,0,46,1,19.257173468284762,1
96,0,1,49,1,6.082881831357799,1
20,1,1,38,0,17.8293770570509,1
59,1,0,44,1,6.523218043017999,1
42,1,1,48,1,12.140649714056078,1
52,0,1,9,1,9.360231677787489,1
38,0,1,31,1,27.414366461725255,1
39,0,1,41,1,19.923630585329313,1
33,1,1,16,1,9.519628764059489,1
48,1,1,25,1,18.878344668829712,1
20,1,0,48,0,7.194705926453999,1
24,1,1,31,1,25.296653100259494,1
29,1,1,16,1,11.649942327316449,1
29,1,1,12,1,21.575680093078685,1
16,1,0,17,0,8.323201067699566,1
81,0,1,16,0,5.0232354217490265,1
56,1,1,19,1,27.793146922819393,1
87,1,1,30,1,25.093880900294067,1
99,1,1,12,1,22.291391296663537,1
64,1,0,9,1,15.70459849667932,1
84,1,0,18,1,23.630368567270864,1
97,1,0,23,1,25.630284281490777,1
29,1,1,21,0,28.907297037834034,1
21,0,1,23,1,7.7253403910232175,1
86,0,1,26,1,12.561657936536742,1
91,1,1,43,0,22.258071172518225,1
20,1,1,24,1,10.781998207898887,1
42,1,1,21,1,7.106384435449282,1
68,1,1,15,1,12.236022374205206,1
73,1,1,36,1,21.94308103003301,1
82,1,1,47,1,28.986804573885298,1
94,1,1,48,1,21.91611587049619,1
47,1,1,48,1,16.93000198544903,1
62,1,1,42,1,21.775324513322744,1
75,1,1,31,0,20.30021324898638,1
92,1,0,34,1,20.784399441084418,1
22,1,1,20,1,24.387632417974984,1
75,0,0,20,1,14.228404845230113,1
92,1,1,14,1,17.63801979308726,1
39,0,1,9,0,21.57865622438022,1
70,1,1,29,0,25.506332973622243,1
57,1,1,9,1,21.51996324227276,1
20,1,1,12,1,13.625420998114153,1
51,1,1,9,0,27.87503844368818,1
78,1,1,36,0,6.690118736809579,1
32,1,1,8,0,17.809820518302665,1
96,0,1,40,1,7.765089971829021,1
74,1,1,30,1,11.862666837676956,1
27,0,1,44,1,25.37680251689517,1
95,1,1,37,1,16.518340006041846,1
81,1,1,14,1,11.215122115332658,1
79,1,1,36,1,13.639489646770325,1
61,1,1,13,1,25.688092348845426,1
52,1,1,31,1,9.62300743667861,1
77,0,1,37,1,29.43740645522233,1
43,1,1,8,1,6.5056736225074365,1
31,1,1,22,1,8.06244654914973,1
70,1,1,41,1,9.753219157967642,1
66,1,0,8,1,11.174029174797314,1
67,0,1,47,0,7.888959417015793,1
88,1,0,30,1,20.148154885356185,1
93,1,1,21,1,8.996994084161035,1
33,1,0,24,1,24.911014038086932,1
46,1,1,13,1,10.5127196784162,1
37,1,1,22,1,13.808176356313483,1
93,1,1,34,1,8.529976588429623,1
69,1,1,45,1,24.3808634724764,1
40,1,1,36,0,28.451603489203283,1
37,1,1,38,1,6.725923422784373,1
15,1,1,13,1,8.71266954109202,1
44,1,1,24,1,29.19357062084289,1
56,1,1,23,1,14.062549613287828,1
41,1,0,9,1,17.93233705380633,1
27,1,1,29,0,19.39464656936029,1
89,0,1,45,0,18.63725851237089,1
31,1,1,39,1,8.081186453313787,1
23,1,0,37,0,23.539152711670738,1
35,1,1,17,1,9.886450009209998,1
98,1,1,16,1,7.872658584047757,1
18,1,1,16,1,17.479973671033296,1
33,0,1,33,1,29.038768303439156,1
96,1,0,40,1,19.223887082046268,1
47,1,1,10,1,26.211794360156617,1
86,1,1,14,1,18.614886217768735,1
38,1,1,32,1,21.843905744602246,1
72,1,1,13,1,9.660495121349364,1
92,1,1,14,1,5.671691351123382,1
98,1,1,33,1,15.67762613400858,1
44,1,1,40,1,11.304321937388249,1
40,1,1,47,0,29.432095579423233,1
93,1,1,9,0,23.20291093340416,1
17,1,1,43,1,12.73531987176111,1
58,1,0,43,0,13.196070947145456,1
65,1,1,26,1,26.741242120304282,1
62,1,1,22,1,9.13749436659139,1
37,1,0,10,0,10.293646551310488,1
35,1,1,45,1,21.673186186467017,1
49,1,1,17,1,18.189699331804142,1
48,0,1,24,1,25.2893001087887,1
15,1,1,20,1,22.794448624773736,1
18,1,0,19,1,19.792924222310013,1
22,1,1,19,1,18.21641509973189,1
25,0,1,28,1,9.644423867467696,1
90,1,1,28,1,8.42112916465892,1
53,1,1,16,1,23.42831034891598,1
75,1,1,13,1,23.51658952666565,1
38,1,1,28,1,20.354656107975284,1
53,1,1,35,0,25.936812990469363,1
62,0,1,49,0,19.420197990956396,1
89,1,1,47,1,7.9493120907015395,1
78,1,1,9,1,15.54281543814791,1
98,1,1,25,1,12.888329516578388,1
44,1,0,18,1,19.11599644740505,1
47,1,1,11,1,22.129362831944515,1
33,1,1,23,1,28.116044778215915,1
67,0,0,12,0,6.596994185772571,1
97,1,1,19,1,23.58587934890486,1
96,1,1,9,0,14.852253819362577,1
90,0,1,16,1,26.995943698536696,1
19,1,1,48,0,12.742292777629729,1
21,1,1,22,0,23.911277199722797,1
79,1,1,44,1,16.256920261039767,1
54,1,1,37,1,15.63764148179607,1
94,1,1,19,1,12.545234241567343,1
23,1,1,35,1,8.342391359985905,1
91,1,1,21,0,15.716106980213294,1
67,1,1,15,1,29.937953279316876,1
57,1,1,12,1,11.056428939619185,1
24,1,1,25,0,13.470325540121204,1
90,1,1,16,1,9.51643853278258,1
49,1,1,41,1,14.843878539135167,1
55,0,1,35,0,6.461449680921925,1
83,1,1,39,1,14.999575457339214,1
49,1,1,33,1,21.618480122771157,1
36,0,1,11,1,5.1838261138606745,1
45,1,1,41,1,16.67195247807761,1
94,1,1,34,1,16.877709123295887,1
44,1,1,29,1,29.92022951702772,1
63,0,0,11,1,10.099865090234683,1
67,0,1,23,1,12.271921355789562,1
51,1,1,25,0,17.829747292745743,1
98,1,1,14,0,6.882535839961744,1
48,1,0,39,1,9.47909795725377,1
83,1,1,34,1,6.25438375799935,1
22,0,1,21,0,5.984046995493237,1
23,0,0,38,1,28.39565333507057,1
57,0,1,40,0,20.23764727512458,1
76,1,1,17,1,27.72163515797509,1
85,1,1,23,1,17.72397601055119,1
34,1,1,12,0,19.495739401193127,1
84,1,1,40,1,6.374157670995552,1
35,1,1,32,1,17.761503283661032,1
69,0,0,41,1,29.1639609845136,1
84,1,1,30,1,20.630403125785953,1
33,1,0,49,1,18.438503591008658,1
31,0,1,43,1,10.328552982848418,1
96,1,1,24,1,7.424469062902385,1
18,1,1,19,1,6.476253611456799,1
82,1,1,25,0,21.70008126857535,1
96,1,1,42,0,27.393158887877863,1
46,1,1,31,1,17.84666314283179,1
41,1,1,8,0,23.76496141860316,1
24,1,0,46,1,16.137945362329027,1
60,0,1,46,1,11.103689012672682,1
86,1,1,14,1,8.285309571381712,1
73,1,1,15,1,28.953452995112404,1
19,1,1,46,1,16.0859775709011,1
90,1,0,38,1,23.41182936547682,1
52,0,1,32,1,12.890830384178807,1
26,1,1,49,1,29.372606820255875,1
32,1,1,24,0,22.032052763310844,1
48,0,1,41,1,5.758845138325107,1
64,1,1,10,0,28.832679189559315,1
81,0,1,24,1,18.62002713190246,1
18,0,1,13,1,23.060284611588614,1
23,1,1,31,1,26.789647071560164,1
17,1,1,42,1,17.64814500365985,1
54,0,1,20,1,22.180858586517072,1
95,1,0,9,1,22.33443846297131,1
36,1,1,42,1,29.59765909742909,1
83,1,1,48,0,19.224579857603068,1
27,1,0,47,1,19.232448353369882,1
49,1,1,18,1,9.353917309884908,1
24,1,1,15,0,16.231703961640918,1
80,1,0,27,1,11.452691079335368,1
39,1,1,18,0,12.603096236700903,1
